,dates,rating,review,title
0,2017/06/17,5,"순천만 생태공원을 가고싶어서, 순천을 갑니다!갈대밭이 예쁠 때가면 좋은 것 같아요. 산을 오르면 늪지의 모습을 내려다 볼 수 있는데 노을이 질 때 보면 정말 예쁜 것 같아요! ",정말 좋아하는 곳
1,2017/06/17,4,더운 여름에 가니 핫볕이! 가을 봄 겨울에 좀 더 좋을거 같음. 철새들 억새가 좋은 풍광을 보여줌. 여유로운 계절에 다시 오고싶음,여름엔 좀..
2,2017/06/13,5,놀랍다고 자연친화적으로 잘 정돈되었으며 순천만을 아주 가깝게 느끼면서도 자연을 침범하여 죄책감이 들지 않도록 탐방로를 잘 만들어 놓았습니다. 약간 힘이 들지만 왕복 2시간-3시간을 잡고 용산전망대까지 다녀 오시면 순천만 전경을 바라 보실 수 있습니다. 해질녘이 더욱 좋습니다.,대한민국에도 이런 곳이 있다니!
3,2017/05/25,4,갈대가 익어서 노랗게 되는 가을이나 겨울이 더 아름다운 곳 입니다.정신없게 걷기보다는 여유가지고 가는게 좋아요해지기 한시간 10분 전 정오에 들어가셔서 슬슬 올라가면아름다운 일몰은 볼 수 있어요,가을 겨울에 좀 더 좋은곳
4,2017/05/17,4,전반적인 뷰도 괜찮고 찬찬히 산책하기에 좋습니다아쉽게도 조류독감 때문에 바다 보기와 배타기 제한구역이 꽤 있어서 못본 곳이 많네요파릇한 풀이 올라올때 다시 들러보면 좋을 것 같습니다,조류 독감 철이라 아쉬웠네요
5,2017/03/10,4,"갈대밭과 순천만의 해지는 풍광을 보기가 좋았고걷기에도 좋습니다. 다만, 거리가 좀 되고 전망대까지는 얕은 등산 수준이니 운동화를 이용하면 좋습니다.",걷기 좋은 곳..
6,2017/03/07,4,"이곳은 다들아시다시피 습지만으로 유명한 곳이다. 겨울에 이곳을 방문하는 겨울철새 흑두루미는 이곳 주민들이 1년 동안 기다렸다가 정성드려 먹이 등을 주며, 이곳 방문을 다시 기약하기도 하는데, 이뿐만 아니라 이지역의 별미인 짱뚱어탕은 이곳에서 미식가들에게 환영받는 음식으로 방문시에는 꼭 이음식을 권하고 싶다.",순천만에서의 철새와 조우
7,2017/01/30,4,순천만정원은 전남 순천의 생생한 자연을 습지와 공원으로 조성한 자연친화적인 곳으로 단연 추천합니다.,방문기
8,2017/01/22,5,수많은 갈대 늪 사이를 지나 전망대까지 올라가는데 조금 힘이들긴 하지만 끝까지 올라가면 후회할 수 없는 순간이 기다리고 있다. ,우리나라에 이런 곳이 있었다는 걸 너무 늦게 알았다.
9,2016/12/31,5,겨울이지만 넓고 여러가지디자인된조형물들이많아서 볼꺼리가많네요 저녁엔 일시적으로빛축제를 무료개방해주고있어요 서문에서만요~,자연의 공존
10,2017/06/17,4,주변 경치가 좋아..거닐면서 산책하기 정말 좋은곳입니다. 주변에 맛집도 있고 갈대가 가득한 풍경이 좋았습니다.,가을의 순천만
11,2016/12/13,5,"갈대가 가득한 순천만 공원과 높은 가을하늘, 그리고 아직은 남아있는 단풍잎등 모든 것이 아름다웠던 곳. 주말이라서 사람이 정말 많아서 이동통로가 조금 북적거리고 사진찍기 힘들었지만 그래도 풍경이 워낙 넓직히 탁 트여있어서 답답하지 않았음.",정말 좋았어요
12,2016/11/30,4,"많은 갈대와 함께, 전망대에서 보는 경치가 아주 좋습니다. 새들도 많아 자연을 느낀느 맛이 있습니다. 전망대까지는 시간이 다소 걸리고 노약자는 힘듭니다. ",자연을 느낄 수 있는 곳
13,2016/11/29,4,제가 간날에 사람이 너무 많아서 강제로 밀려서 전진하게 됩니다..너무 길어서 다리는 아프지만 한번가기 좋은 곳입니다.,사람이 너무 많지만 좋아요~
14,2016/11/15,4,갈대하면 제일 먼저 떠오르는 곳이여서 방문하게 됐는데요일몰시간에 가면 정말 아름다워요다만 주말엔 주차장을 이용할 수 없을 정도로 정말 많은 사람들이 몰려듭니다.주창장이 만차가 되면 근처 수도품질관리원인가 하는곳에 차를 주차시키고 셔틀버스로 이동해야하는데 이게 법적으로 무료로 이용할 수가 없다고 해서 왕복 1000원을 내야해요시간적으로 제약을 없으신 분들은 평일을 이용하시면 좋을 듯 합니다.,가을의 정취를 느낄 수 있는 곳
15,2016/11/10,4,"꼭 전망대까지 올라가세요. 좋은 풍경을 볼 수 있는 기회입니다. 일정에 따라 오랜 시간을 보낼 수는 없고, 사람들이 치일 수도 있지만 갈대를 보면서 천천히 쉴 수 있다는 자체만 해도 좋은 곳입니다.",가을의 정취를 느낄 수 있는 곳
16,2016/11/06,5,오후 늦게 해질 무렵에 보는 갈대숲은 정말 인상적임. 보행로 데크를 따로 중간중간 사진을 계속 찍게 됨.,가을의 정취를 제대로 느끼는 곳
17,2016/11/03,5,"가족들이랑..여수 들렀다가~~ 순천만 생태공원방문... 너무나~~ 좋았던 곳입니다! 꼭 한번은 가 보세요!! 갈대숲""을 걸으니?? 맘이편해지는거 같아요~~! 부모님""모시고 가시면?? 엄청.. 좋아하십니다^^","갈대"" 쵝오입니다"
18,2016/10/11,5,순천만 갈대에서 보는 일몰은 정말 아름답습니다.일정에 따라 오랜 시간을 보낼수도 있고 간단히 볼 수도 있습니다.워낙 사람이 많아 주차하기도 힘들지만 이곳에서 보는 일몰은 그럴만한 가치가 있습니다.많은 철새도 볼 수 있습니다.,순천만 갈대에서 보는 일몰
19,2016/10/09,3,바람에 흔들리는 갈대보러 갔어요. 속이 뻥 뚫리는 기분이예요. 갈대와 더불어 마음도 넘실넘실 춤을 추네요. 자전거를 꼭 타세요. 즐거워요.,갈대보러
20,2017/06/17,4,갯벌에 다양한 모양의 꽂게가 서식하고 순천만을 가득 채운 푸른 갈대 바람소리가 좋습니다 전망대에서 일몰 보고 빨간 순천만 초록 순천만 좋아요,살아있는 순천만
21,2016/09/30,4,한겨울에 가니깐 너무추워서제대로 보지는못했네요ㅜ 공원앞쪽에 맛집이라고 식당들이많은데 맛들은다비슷하니싼곳에가셔서 드시는걸추천해요~,순천
22,2016/09/24,5,갈대소리 들으며 산책하니 마음이 편해졌습니다 힐링포인트예요 중간중간 휴게 및 포토존이 있는 것도 좋았구요 아이들 데리고 갈만한 것 같습니다,갈대소리가.....
23,2016/09/17,5,"마음의 준비를 단단히 하세요. 멋있는 만큼 많은 시간이 필요합니다. 걷기 편한 신발 준비하시고 천천히 둘러보시면 참 좋아요,.",너무 넓어요
24,2016/09/05,5,아주아주 넚은 갈대밭이에요~푸르른 갈대들이 뻘밭을 가득 채우고있었어요~산책로를 따라서 끝까지 따라가서 전망대까지 올라가서아주 드넓은 생태공원을 내려다 보면 너무 아름다웠어요~살짝 지친만 할때쯤 도착해서 위에서 내려다 보니~ 꿀이었어요~차타고 가야하고.. 버스도 다니긴 하던데ㅠ 노선을 잘모르겠어요.. 성인 요금은 8000원입니다.,순천만 생태공원
25,2016/08/17,5,해가 질 때쯤 맞춰서 산책로를 쭉 따라 꼭 전망대까지 가보자. 황홀한 풍경을 볼 수 있다. 막연하게 전망대를 가보자고 힘들게 올랐는데 도착하고 나서 올라오길 잘 했다고 생각했다. 특히 철새들이 지는 해를 사이로 날아갈때 국내에 이렇게 아름다운 곳이 있나 싶었다.,황홀한 해질녘
26,2016/08/12,5,여름에는 낙조 방향이 물과 다르고 물때도 맞지 않아서 오히려 한낮의 푸른 갈대밭이 보이는 때가 일몰보다 더욱 아름답다.우리나라에서 손꼽히는 관광지이며 오직 이 생태공원만을 위해 순천을 찾아오는것도 이해가 될 정도이다,여름에간다면
27,2016/08/07,5,좋아요! 대중교통으로 가기 어려운게 단점입니다. 일몰 보러가지만 일몰이외에도 볼 게 많아요. 정말 살아있는 자연입니다. 다만 여름에는 긴팔 긴바지 챙겨가시기 바랍니다. 해가 지는 순간 모기들이 활동을 시작합니다. 정말 다리에 모기자국으로 지도를 그렸네요....그외에는 모든게 만족스러웠습니다. 다음엔 가을에 가볼 생각이에요.,명불허전
28,2016/08/07,4,순천만 습지는 두번째. 일몰기억이 넘 아름다웠기에 꼭 다시 와야지 했던 곳. 아직 여름이라 그리고 일정상 일몰이 아닌 오전에 방문해야 됐는데. 넘 덥다. 푸른 갈대밭도 멋지긴 하다. 하지만 순천만은 역시 일몰에 가야.. 될듯. 씨유!,순천만은 역시 일몰에 가야..
29,2016/07/29,4,자연생태계를 바로 볼 수 있습니다.벌부터 그리고 맑은 하늘 아침에 보시면 정말 이뻐요하늘은 높고 날씨 좋은 날 가면 정말 좋아요,자연 생태계를 볼 수 있습니다
30,2017/06/17,5,사진찍기 좋은 포인트가 너무많고갈대밭가면 근심풀리는느낌!안에 카페같은곳의 가격이 너무싸고! 맛있음!다만 여름엔 양산필수!에여..ㅎㅎ,저렴하고 깨끗하며 관리가 잘 되어있음
31,2016/07/15,5,"어느 계절에 가도 좋지만, 가을에 가면 그 아름다움을 더 깊게 느껴볼 수 있는 곳입니다. 순천만 생태공원과 갈대 그리고 낙조가 어우러진 풍경을 보려고 많은 사람들과 관광객들이 몰려듭니다. 다만 낙조를 보기 좋은 명당은 산을 올라가야하므로 약간의 등산을 갈 준비를 하고 출발하는게 좋습니다. 추천 ",갈대가 아름다운 곳
32,2016/06/29,5,끝없이 펼쳐지는 갈대받 안을 산책할 수 있어서 정말 좋습니다. 용산전망대는.. 산을 올라가야해서 유모차를 가지고 갈 수는 있지만... 너무 힘들었습니다. 하지만 올라갔을때 보이는 풍경은 정말정말 멋있습니다.,멋진 갈대밭!
33,2016/06/20,5,"춥지만 그 고통을 견딜만했던 아름다운 풍경. 커플끼리 가면 참 좋겠다고 느꼈다.갈대밭이 인상 깊고, 사진 찍기에도 안성맞춤.",아름다운 곳
34,2016/05/18,5,에코그린 카드 소지하고 있으면 할인됩니다. 해지기 몇시간전에 입장해서 언덕까지 올라가서 일몰을 보는 경로 추천합니다. 가는 도중에 갈대 사이사이로 장뚱어들이 다니는 것도 구경할 수 있어요. 곳곳에 사진 찍기 좋도록 잘 꾸며 놓았더라구요. 자연을 좋아하시는 분이라면 무조건 좋아하실거 같네요.,일몰에 가면 너무 좋은 곳
35,2016/05/10,5,순천에 간다면 꼭 들어야 하는 곳입니다.우연히 가게 되었는데 너무나 마음에 들었던 곳입니다.자연을 보전하는 것이 무작정 개발하는 것보다 훨씬 이득이란 것을 잘 보여주는 곳입니다.시간이 된다면 전망대까지 꼭 가보길 권합니다. 전망대에서 바라보는 경관이 가장 아름답습니다.,정말 아름다운 곳
36,2016/05/10,5,"너무 유명하고, 그만큼 멋지다. 사계절 어느 때 가도 새로운 풍경이라 1번 방문으로도 아쉬웠다. 5월은 죽은 갈대를 베어내고 새로운 갈대가 자라는 시기인데 초록물결로 아름다웠다.",순천 최고의 여행지
37,2016/05/08,5,여수에 여행왔다가 세계 3대 습지중 하나인 순천만 습지를 보기위해 들렀습니다.어린이날 방문했는데 어린이는 무료로 입장하고 어른도 반값 할인받고 알뜰하게 입장했네요. 갈대밭 산책길을 둘러보다보면 도둑게와 짱둥어가 우리를 반갑게 맞이합니다. 세계최대 습지에 걸맞게 엄청나게 넖은 갈대밭이 펼쳐져있네요. 습지를 둘러보는 페리도 운영하는데 사람이 너무많아서 타지는 못했네요. 습지 보호때문에 5월에서 10월까지만 방문이 가능하니 이점 참고하셔서 자녀들에게 탁트인 공기와 습지생태계 교육을 하시면 어떨까요.,순천에 오면 꼭 들러야할곳
38,2016/05/06,5,"순천시내에서 버스로 30분정도면 도착할수 있는곳에 우리나라 최대의 습지가 있습니다 원래 가을,겨울에 오면 엄청난 갈대밭과 철새들을 볼수있지만 봄 여름에가도 바다와 이어지는 습지공원을 걷기만 해도 기분이 좋아지는 곳입니다 차를 가져가면 주차하기 힘들수더 있우니 대중교통을 이용하는것이 좋습니다",마음이 탁 트이는 순천만 습지
39,2016/05/02,5,순천만은 봄에 갈대가 파랗게 올라올때도 아름답다. 겨울에 철새를 보는것도 장관이지만 봄에 푸르른 느낌이 더 좋다. 밤에 천문대에서 별도 볼 수 있어서 저녁무렵부터 습지를 보고 인근에서 저녁먹고 천문대까지 이용하면 딱 좋은 일정인것 같다.,사계절 방문하기 다 좋은 곳
40,2017/06/17,3,일요일 주차하기도힘들고 관광차로 몸살을 앓아요~ 지금은 꽃들이 거즘 다 떨어져서 볼거리가 그리 많진 않고요~ 스카이큐브라는게 생겨서 그거 타려고 일부러 들어갔는데 스카이큐브 하나는 정말 맘에 들었어요~ 그거 타고서 순천만습지로 가는데 거기서도 관광객들 정말 많더라고요!!,주말을 피해서 가도록 하세요
41,2016/04/26,5,갈대밭 숲이 우거져서 정말 죽여요 그리고 산을 타면 정상에서 바다도 보이고 정말 환상입니다. 사진 찍으면 잘나옴,정말 죽인다
42,2016/04/04,5,막찍어도 화보입니다ㄹㅇ 일몰시간에 전망대에가서 일몰보시면 정말 대박입니다. 3~4시쯤가서 여유롭게 산책한뒤 일몰까지 보면 좋을 것 같습니다,정말 멋있습니다
43,2016/03/22,5,"순천역이나 순천터미널에서 순천만으로 직행하는 버스노선이 있습니다. 순천만에서 다양한 자연경관과 생태환경을 볼 수 있으며, 가을철의 갈대가 장관입니다.특히 용산전망대에서 바라본 일몰이 장관입니다. 입구에서 용산전망대까지 도보로 1시간쯤 걸리며, 용산 전망대가 산 꼭대기에 위치하고 있어서 어느정도의 등산은 각오하셔야 합니다.",일몰이 장관인 곳
44,2016/03/03,5,"솔직히 전혀 기대하지 않고 갔던 곳인데, 너무 만족스러웠습니다.탁 트인 갈대숲의 경치는 절로 탄성이 나오게 합니다.솔직히 한국의 경치가 아름답다고 생각한 적이 몇번 없는데, 여기는 정말 아름다웠습니다. 한번 정도는 무조건 가 볼만한 곳이아닌가 싶네요. 가족들과 같이 가도 좋고, 친구들과 가도 괜찮은거 같습니다.순천만정원과는 스카이큐브라는 교통수단으로 연결되는데,느낌이 꽤 색달라서 한 번 정도 타보시는 걸 추천합니다.가격은 왕복 8000 원 정도로 조금 비싼 듯도 한데,돈이 아깝지는 않습니다.그리고 순천만정원과는 입장권이 서로 호환됩니다. 장점이라면 한 장으로 하루 종일 순천의 양대 명소를 돌아볼 수 있다는 점이고,단점이라면 그 덕분에 가격이 조금 비싼 편이죠.순천만정원은 겨울에 가면 약간 망한 느낌(...)이 드는데,생태공원은 그런 느낌 없어서 좋았습니다.",경치가 끝내줍니다.
45,2016/03/03,4,다른것 필요없습니다. 일몰시간 맞추셔서 전망대 올라가셔야합니다. 입구에서 갈대와함께 사진찍으시고 일몰시간전에 부지런히 전망대올라가셔서 일몰과 함께 사진찍으면 그걸로 미션클리어!!!,무조건 일몰시간에 전망대로 고고
46,2016/03/02,5,석양이 매우 아름다운 순천만정원박람회 들릴때 같이들리면 최고귀여운짱둥어도볼수있음조금더들어가면 순천만정상에서 순천만정원을 한눈에내려다볼수도있음,산책하기좋은곳
47,2016/03/01,5,겨울에 가족과 함께 방문했습니다. 태고의 신비가 깃들어있는 아름다운 자연을 사랑하시는 분들께 추천합니다. 새를 관찰하는 취미를 갖고 계시다면 꼭 들려볼 만한 곳 입니다. 어린이나 노인과 함께라면 배를 타고 유유히 순천만을 관람하실것을 추천합니다.,다시 가고픈 순천만
48,2016/03/01,4,걸어서 건너편 산에 올라 지는 해를 기다리다. 천천히 배도 들어오고 새들도 바빠지는 속에 지는 해 즐길만 하다.,석양이 좋다.
49,2016/02/24,4,갈대밭이 일으키는 환상성이 좋습니다트여진 감각으로 백미를 이룹니다협이라는 감각도 일조합니다,트여진 감각으로 백미를 이룹니다
50,2017/06/17,3,가족여행하기에 좋은 곳입니다. 순천의 대표적인 관광스팟이지요. 순천만 갈대숲은 이미 많은 사진가들에게 출사지로 유명한 곳이에요.비가 올때 방문했어서 날씨가 좀 추웠었는데 좀 아쉽네요.평평한 평지라서 도보로 천천히 산책하기에 편리합니다. 다시 한번 봄쯤 따듯할때 다시 방문하고싶어요.,순천만 생태공원
51,2016/02/11,4,"넓은 갈대밭 풍경이 인상적인 곳입니다. 습지 사이로 나무 데크 산책로도 잘 조성해 놨습니다. 하지만 전 사람이 너무 많은 날 가서 사람들 틈에 휩쓸려 갔다 휩쓸려 왔어요. 걸어야 하는 거리도 상당해서 무척 지쳤어요. 용산전망대까지 다녀오려면 체력과 시간이 필요합니다. 습지에 짱뚱어와 게도 살고 있다는데, 게는 봤지만 짱뚱어는 보지 못했어요. 한가한 날, 여유있게 걸으면서 일몰도 보면 정말 좋은 곳일 것 같아요.",체력이 필요합니다!
52,2016/02/05,5,순천은 사람에게 안정을 주는 도시이다.마주하는 얼굴마다 소소한 인정과 기분좋은 유쾌함히 가득하다.그 아름다운 미소가 가장 크게 피어나는 곳은 바로 순천만 생태공원이다.익히 들어왔던 아름다운 자연경관에 설레였음에도 인당 8000원이라는 입장료는 비싸다는 느낌을 주었다. 순천만 습지 입장권으로 순천국제정원 까지 같이 관람이 가능하다는 사실을 미리 알았더라면 좋았겠지만 순천만을 오후 4시경 입장한 터라 아쉽게도 국제정원은 가지 못했다. - 티켓을 구매한 당일에만 두 군데 다 입장 가능합니다. -그럼에도 한발 한발 둘러보는 곳마다 너무 좋았다. 한적한 들판과 갯벌위로 내리는 겨울의 차가운 볕이 어두운 하늘과 어두운 색채의 대지를 채우는 것이 마음 가득 평화로움을 주었다. 군락을 지어 대형을 만들어 나는 철새떼의 울부짖음만 이 공간을 메웠다. 관광객이 많은 편이었지만 사람이 많아 정신없이 웅성인다는 느낌은 전혀 들지 않았다. 산책로는 최대한 자연을 해치지 않는 소심한 줄기로만 나 있었다.용산 전망대는 산책로의 끝에서 시작된다. 왕복 40분이라고는 하지만 일몰때를 맞춰 가면 그 정취를 느끼느라 한 시간은 훌쩍 넘기게 된다. 가지런한 등산로는 어린 아이들도 다니기 좋다. 다른 계절에 다른 얼굴로 또 만나고 싶다. ,행복을 주는 한적한 안락함
53,2016/01/31,5,가을에 갔는데 눈 앞에 펼쳐진 갈대밭은 너무 아름답더라구요. 최근 순천이 잘 알려져 좋지만 사람이 많아진 탓에 일찍 가기를 추천합니다.,자연을 보고 싶다면
54,2016/01/25,4,"언제가도 다 좋겠지만, 봄,여름, 가을에 가면 정말 좋을 것 같아요. 봄여름에는 초록으로 가을에는 갈대로.. 겨울에 가서 조금 휑하고 많이 추웠지만 언덕에 올라가서 보는 풍경과 그리고 여전히 남아있는 갈대밭은 정말 아름다웠습니다. ",정말 좋아요
55,2016/01/25,4,첫번째 방문이었는데 갈대밭을 지나고 나면 가파른 길이 조금 나옵니다. 평소에 운동이 전혀 없었기에 제법 운동이 되더군요. 전망대에서 바라보는 순천만은 정말 아름답습니다. 엄청난 칼바람을 이겨내며 갔지만 전혀 후회스럽지 않았어요. 날이 따뜻해지는 2월말에 다시 와서 낙조를 꼭 보고싶네요.,한겨울의 순천만
56,2016/01/22,5,갈대밭은 요즘 순천이 유명해지고있어서 사람들이 정말 바글바글합니다. 커플들이엄청많고 사진찍는 사람들도 많네요 전망대에 올라가서 아래를 내려다보면 숨이탁트이는듯한 느낌 ,가을에 가면 정말 예쁜곳
57,2016/01/15,5,"짱뚱어 반, 게 반나무 데크에 살짝 엎드리면 수 많은 짱뚱어와 게를 관찰할 수 있어서 아이들이 참 좋아합니다. 좀 힘들긴 하지만 전망대에서 보는 S라인과 일몰은 추천할 만 합니다.",어른과 아이가 함께 즐길 수 있는 곳
58,2016/01/14,4,"두번째 방문이었는데, 여유로움을 느끼며 갈대밭을 지나고 나면 조금은 가파른 전망대 가는 길이 나옵니다. 힐을 신고 올라가기는 좀 무리가 있어요. 전망대에서 바라보는 순천만은 정말 아름답습니다.사진만으로는 표현할 수 없는 자연의 아름다움을 직접 경험하면 좋을 것 같아요.",언제 봐도 평온하고 아름다운 곳
59,2015/12/30,5,혼자 방문했는데도 저벅저벅 산책하니 너무 좋더라구요.바람따라 움직이는 갈대를 보니까 완전 낭만적이어써요!ㅎㅎ공원안에서 음료도 파는데 저렴하니까커피 한 잔 하면서 갈대밭의 정서를 느껴보는 걸 추천합니다.,산책하기 좋은 곳
60,2017/06/17,4,갈대숲 멋지고 볼만합니다.. 그런데 좀 단순해서 좀 심심하네요... 그리고 걷는 거리가 꽤 길어서 애들 어리거나 이런 분들은 힘들것 같기도 합니다. 나와서 앞의 식당에서 밥 먹었는데 짱둥어탕 맛있네요..,갈대숲이 멋지네요
61,2015/12/26,5,순천만 갈대밭길을 넘어가면 전망대로 올라갈수 있는데 해질녘 썰물때와 시간이 맞으면멋진 S 자 해수길이 나타나는데 장관입니다. 일몰과 어울어진 멋진 순천만의 바다에한척 유람선이 지나는 물길이 장관입니다.겨울철 찾아오는 순천만 흑두루미도 구경하세요,순천만 전망대에서 바라보는 멋진 일몰을 잊을수 없네요
62,2015/12/19,5,"순천만 전망대에서 바라보는 뷰는 물론이오,봄 여름에는 푸르름을, 가을에는 갈대의 몸부림을,겨울에는 찾아든 철새 무리의 몸짓을 보여주는 순천만.전라남도 여행의 필수코스인 듯 하다.",사계절 멋진 순천만
63,2015/12/18,5,갈대밭 너무 좋아요 진짜!!!일몰도 시간 맞춰서 보고 왔는데 일몰도 진짜 너무 멋있습니다!!!!!!!!!!!!!,갈대밭 너무 좋아요~!
64,2015/12/13,4,"예전 이 맘 때쯤 갔었던 곳입니다.갈대숲이 울창하게 이루어져 있고, 운치만으로도 가볼만한 가치가 있는 곳입니다.특히 내부에서 다니는 생태체험선이라고 있는데, 가이드분이 안내도 잘해주시고꼭 타보시길 권해드립니다.가격은 입장료와는 별도인데 괜찮은 경험이 될 듯 합니다.다만 계절마다 운행시간이 다르니 꼭 확인해보고 가세요.",생태공원 안에서 다니는 생태체험선 꼭 타세요.
65,2015/11/27,5,가을에 가본 순천만 생태공원은 정말 최고입니다.바람이 살랑살랑 불면서 갈대가 움직이는데 구경명소로는 최고인 듯 합니다.,갈대밭이 너무멋집니다.
66,2015/11/27,5,"가을 맑은 날에도 좋고, 바람 부는 날엔 갈대 소리를 들을 수 있어 멋지고, 눈이 오면 또 나름대로 정말 최고. 용산 전망대에서 보는 일몰 역시 최고! 무료로 입장할 수 있는 방법도 많으니 입장권 구매 전 해당 사항 있는지 확인 해 보세요. 엇 이런것까지? 싶은게 무료 입장에 해당되는 경우가 있음^^",너무너무 멋진 갈대밭-
67,2015/11/20,5,전망대에서 보는 일몰이 우리나라 어느곳에서 보는 일몰보다 가장 아름답고 멋있으며 전망대까지 걸어가는 순천만 생태공원자체가 너무 겉기 좋고 힐링되는 기분이다.,꼭 일몰때 맞춰서 가야됨
68,2015/11/12,5,가을에 갈대가 정말 멋있어요. 갈대들 사이를 걸으면 힐링되는 기분이에요. 오후 2시전에가면 정원이랑 통합권도 살수 있어서 좋습니다. 구경하는 코스가 여러개 있으니 본인 동선에 맞게 선택하면 좋을것 같습니다.,멋있어요
69,2015/11/07,5,"진정한 자연을 느끼고 싶다면 전라도가 좋다. 특히 보성, 순천, 담양은 그 중 손꼽히는 도시이다. 순천만 생태공원은 자연의 그대로의 모습을 볼 수 있다. 저녁이 되면 노을진 풍경이 아름답다. 부산-순천-보성-담양의 여행이 좋았다.",생태의 보고
70,2017/06/17,5,생각보다 훨씬 멋졌어요~ 넓은데 시간계산을 잘못해서 전망대에 올라가진 못해서 아쉬웠지만.. 그래도 충분히 멋진 순천만을 누리고 왔습니다. 또 가고 싶네요~,멋진 곳~!
71,2015/10/23,5,방문한 날 날씨가 다행이 좋아서 멋진 일몰을 볼 수 있었습니다. 갈대와 일몰이 굉장이 멋집니다. 가을에 추천하는 여행지입니다.,"석양이 아주 멋진, 아름다운 장소"
72,2015/10/14,5,일년이면 두세번은 가는데 어제 오랜만에 가보니 입장료가 인상되어 깜짝 놀랐어요. 그래도 가을이면 갈대밭 사이 쭉 걸어서 용산전망대 한번 올라줘야죠~~ 오르는 길이 처음엔 가파르지만 조금만 올라가면 쉬엄쉬엄 갈수 있답니다. 노을을 보며 내려오는데 참 행복했어요. 가을엔 순천만 꼭 한번 들러보세요~~,정말 사랑하는곳!
73,2015/10/11,5,다른 계절보다 딱 이맘때가 가장 좋습니다. 가을의 스산한 느낌도 느끼고 갈대와 새들을 보며 운치 또한 느낄 수 있죠.,멋진 곳
74,2015/10/09,5,순천에 갔다면 꼭 한번 들러보세요. 귀중한 자연의 생태체험을 할 수 있습니다. 갈대밭이 너무 멋집니다. 여름에 가서 갈대밭은 못봤지만 그래도 전망대에 올라가서 보니 정말 멋지더군요. 가을에 가면 더 멋진 장관이 펼쳐질것 같아요.,순천만 갈대밭
75,2015/09/30,5,순천만 생태공원 너무너무좋아요.가을아니고 여름이였는지만 푸르르고 너무 좋앗어요구름이껴서 일몰은 보지못했지만 그래도 너무좋았던곳.,힐링 플레이스
76,2015/09/23,5,자연 생태를 그대로 느낄수 있습니다.고요한 곳에서의 계절마다 다른 느낌의 갈대밭한국에서 손꼽히는 경관인것 같습니다.,자연 생태를 그대로 느낄수 있습니다.
77,2015/09/15,5,열대우림과 같은 역할을 하는 자연의 어머니 갯벌을 지키고 보존하려는 노력이너무 아름답더라고요. 해지는 걸 못 봐 아쉬웠지만.. 여긴 가을~겨울에 가면 더 좋을 것 같고 생태선도 꼭 타보세요! ,갯벌 = 아마존
78,2015/09/06,5,죽기전에 가볼 한국 최고의 관광지라는 이름에 걸맞게 정말 아름다운 경치주암댐이 생기고 난후 순천만으로 흘러들어가는 물들이 순천만을 만들고 아름다운 겨치를 만들었다고 합니다.모노레일 타고 들어가서 좋은 경험 하고 옵니다. 순천정원 박람회 가면 2시간 코스로 보고올만한 아주 아름다운 광경입니다.,죽기전에 가볼 한국 최고의 관광지
79,2015/09/02,5,전남 순천의 메인 이미지인 순천만 은갈대밭과 바람과 하늘 그리고 자유로움이 있다더 말할것 없는 겯기 좋아하는 이들의 행복 발전소,"남도의 허파, 순천만 생태공원"
80,2017/06/17,5,"해질 녘에 가면 멋있는곳.평화롭게 산책하기도 좋고, 생태 탐방하기도 멋진곳이네요.언제나 평화로운곳",평화로운곳
81,2015/08/12,5,순천에 사는 사람으로써 종종 바람쐬러 갑니다. 하지만 주의할점! 여긴 그늘이 거의 없으니 여름에 오실땐 꼭 모자나 양산을 준비하시고요~ 가장 적기는 가을 입니다. 파란하늘과 갈대가 어우러지는게 환상적이죠^^,순천만으로 오세요~
82,2015/08/11,4,"순천만은 꽤 여러번 가봤는데, 전망대에서 바라보는 경치가 정말 좋습니다.산책삼아서 구경하기도 좋고, 갈대를 볼 수 있는 시기에 가면 산책하는 내내 더욱 운치있는 분위기를 느낄 수 있습니다.",전망대에서 바라본 경치가 매우 좋습니다.
83,2015/07/29,4,순천에서 꼭 가야하는 곳. 전망대까지 가는 길도 좋고 전망대에서 바라보는 낙조도 아름답다.,자연이 보존되어 있다
84,2015/07/13,5,갈대밭이 어울어져있는 순천만은 자연스러운 그 모습이 너무 인상깊고 아름다웠습니다.걸어서 산책하며 구경할수 있어서 더 좋았던거 같습니다.방문했을때 바람이 너무 많이불어 조금 힘들었지만공원 구경하는데 정신을 쏟았네요.,마음까지 평화로워지는 순천만
85,2015/07/04,5,"순천만의 자연은 여느 바다와는 다르게 다음과 같은 특징을 갖고 있어 이를 찾는 여행객들에게는 큰 즐거움으로 다가 온다. 첫째, 순천만을 향하는 다양한 교통이다. 자가 혹은 일반교통, 그리고 모노레일을 통한 교퐁편은 순천의 곳곳을 살필 수 있는 계기가 된다. 둘째, 초입부터 자리 잡은 갈대숲의 풍광은 1년 사계절 내내 계절마다 다른 모습으로 관람객의 마음을 사로 잡고 있다. 셋째, 용산에서의 순천만을 바라보는 풍광은 또 다른 모습으로 그림에서나 볼수 있는 자연 풍광을 내려다 볼 수 있으니 용산 전망대에서의 관람을 강추한다. 넷째, 순천만 주위의 그 지역의 맛집을 통해 여행의 피로와 함께 잠시 그 지역 음식인 짱뚱이의 특별한 맛도 볼 수 있다. 다섯째, 이지역은 용산을 오를 때는 약간의 힘든 과정도 있지만 그리 어려운 산행이 아니며 초등학생이나 노약자도 그리 빠른 걸음을 걸을 필요없이 다녀올 만한 관람 코스를 갖고 있다.",바다 정원의 생태 보고
86,2015/05/04,4,순천만생태공원만이 갖는 천연의 모습은 참 좋다. 생태유람선을 타고자 어렵사리 도착했더니 점심시간이라고 아예 매표소를 닫고 담당자는 없다. 교대하여 식사를 하면 안 될런지...조금 더 고객위주의 서비스를 제공할 필요가 있지 않을런지...,더 세심한 서비스 마인드가 필요한 생태공원
87,2015/03/17,5,"작년 초가을에 방문했었습니다. 초가을이라 아침저녁으로 선선했지만 낮에는 좀 더운편 이었어요. 그래서 갈대밭을 따라 올라갈때 날씨가 더워서 좀 힘들었거든요. 중간에 다시 내려갈까도 생각했는데 점점 올라갈수록 순천만이 내려다보이는데 아 왜 생태공원이라고 하는지 알겠다 라는 감탄을 하게되더라구요. 그렇게 올라가다보니 금방 정상에 올라갔구요. 순천만을 내려다보며, 일몰을 감상하는데내려갔으면 엄청 후회했겠다 라는 생각이 들었어요. 우리나라에도 이런 아름다운곳이 있다니!!! 정말 꼭!!! 한번 다녀오길 추천합니다.",환상적인 순천만의 일몰!
88,2014/09/01,5,아름다운꽃들과 각나라의 정원 등 너무 좋았어요. 순천만 갈대밭과 관광열차 무인궤도열차로 순천정원박람회에서 순천만까지 왕복운행하여 이용하기에 편리하였습니다.,아름다운꽃들과 세계나라의 아름다운정원 순천만갈대밭이 좋아요
89,2014/06/11,4,제가 갔을 땐 갈대가 초록색이어서아쉬웠지만 그래도 경치가 좋아서걸으면서 다리 아픈 줄도 몰랐네요.순천에서 가장 좋았던 장소가 여기였고가을쯤 갈대를 또 보러 오고 싶단 생각이 많이 들었어요.,갈대숲이 멋진 경관을 이루는 곳
90,2017/06/17,5,자연생태공원이란 명칭답게 자연 자체가 아름다운 순천만은 갈대밭으로 특히 유명하지만 4계절 언제 가도 좋을것 같아요. 여기서 4시간 정도 돌아다녔는데 더 있어도 지루하지 않았습니다. 이것이 자연의 매력이죠. 또가고싶네요.,자연생태공원이란 명칭답게
91,2013/11/08,4,기분 좋은 바람은 맞았다...9월 첫날 새로운 8월 마지막 날과는 다르게 가을냄새가 나는 순천만을 찾았다.와우~ 그래도 더워 죽는줄 알았다.. 예상했던바 대로 그늘이 없었다..갈대밭을 거니는 내내 아직은 태양이 뜨거웠다. 그래도 갈대잎새사이 불어오는 가을냄새나는 바람과 가을소리가 내 마음을 그득 채뤘다,꺄올~ 더워서 죽을뻔 했지만 바람은 서늘
92,2013/09/06,5,"내일로를 다니면서 가장 감동했고 좋았던 곳이고 이번 여름에 다시 갈 계획을 가지고 있는 곳인 순천만. 처음 버스에서 내리고 정문에 들어섰을 때 푸른 풍경에 놀랐던 기억이 난다. 순천만을 제대로 보려면 조금 시간을 들여 경사진 산을 올라가야한다. 여름에는 그 과정이 힘들기도 하지만 그 만한 가치가 있는 곳이였다. 땀을 뻘뻘 흘리면서 올라가다보면 포기하고 싶다는 생각도 든다. 하지만 맨 마지막 전망대에 서서 시원한 바람을 맞으면 그런 생각은 바로 사라진다. 하천과 바다가 만나는 곳이라 엄청난 자연 생태계를 가지고 있다는 순천만, 위에서 바라본 광경은 아직도 눈에 어른거릴 정도이다. 푸른 바다가 반짝거리고 물결쳤다. 그 위에 넓게 자리한 푸른 하늘도 정말 아름다웠다. 한국에 이런 곳이 있다는 것을 몰랐던 것이 놀라웠고 이렇게 아름다운 장면을 본다는 것도 신기했다. 꼭 순천만의 노을을 보고 싶었지만 일정때문에 일찍 내려온 것이 아니웠다.",자연을 느낄 수 있는 최고의 여행지
93,2013/05/26,5,편안한 마음으로 자연의 주는 자유를 경험할 수 있는 곳.느긋하게 천천히 탁트인 갯벌의 모습을 기억에 남길 수 있는 곳,자연의 느낄수 있는 자유
94,2013/02/18,5,"순천만 자연생태공원이라고 한다고 합니다.입구로 들어서면 잔디밭이 펼쳐진 공원 같지만, 잠시 가다 큰 다리를 건너면 갈대밭 사이를 걷게 됩니다.갈대 뿌리 부근에는 작은 게가 많이 있습니다.갯벌에는 망둥이가 잔뜩. (먹는 듯합니다.)몇 종류의 새 모습도 볼 수 있었어요.갈대밭을 지나 마지막 화장실을 지나면 작은 현수교가 있고, 이곳에서부터 오르막길이 시작됩니다.도중에 계단 길과 비탈길이 나누어지는 곳이 있습니다.저는 비탈길을 선택했는데 좋았어요.남자친구는 계단 길을 골라 지쳐 했습니다.가장 안쪽 용산전망대로부터 전망은 정말 멋졌습니다.날씨가 나빠 석양은 볼 수 없었지만, 열심히 걸어 만족스러웠어요.원내의 평지 부분을 달리는 열차 비슷한 타는 기구가 있지만제가 갔을 땐 고장 나 있더라고요.순천의 택시 기사님이 순천에서 추천할만한 장소라고 말씀하셨어요.",용산전망대까지 가 보세요.
95,2012/09/16,5,"첨부 사진은 순천만 생태공원에서 찍은 것입니다.사실, 송광사보가다도 여기 더 멋졌어요.좀처럼 보기 힘든 S자형 굴곡의 강도 멋지거니와,하천과 바다가 만나는 곳에 펼쳐진 광활한 갯벌 위에 펼쳐진 드넓은 갈대밭은 정말 장관이었죠.지금은 아직 철이 일러서 갈대의 색이 푸르지만, 10월 중하순에 가면 정말 멋진 갈대밭 풍경을 볼 수 있을 것 같았어요.특히 갈대밭 아래의 갯벌에는 정말 생명이 살아 숨쉬고 있었죠.조그만 크기의 각종 게들과 갯벌 위를 폴짝 폴짝 뛰어 움직이는 짱뚱어는 저같은 도시 촌놈에게는 굉장히 신선한 충격을 안겨줬어요.게다가 갯벌이 정화작용을 한다는 것은 알고 있었지만, 갯벌에서의 생산성이 육상 생산성의 9배에 달한다는 사실은 매우 놀라웠어요. 또한 육지와 바다 사이에서 홍수 등을 막아주는 완충제 역할을 한다는 등의 정보까지,이 곳 생태공원에서 새로운 것들을 많이 배울 수 있어서 유익하기도 했답니다.생태공원 건물에는 천문대도 같이 있어서 순천시청 홈페이지에서 미리 예약을 하면 별빛 투어 등도 할 수 있어요. (밤하늘의 별자리를 볼 수 있는 듯)순천만에서의 노을은 꼭 보아야 할 장관 중의 하나라고 들었지만, 저희 일행은 다음을 기약하며 노을이 지기 시작할 무렵 그 곳을 떠나야 했는데, 늦가을에 꼭 다시 한 번 와 보고 싶더군요.",드넓은 갈대밭의 순천만 생태공원
96,2010/10/18,5,볼 수 있는 마이그레이션 조류 생태공원 잘 관리되어 겨울 시즌. 강력하게 추천합니다. 유네스코 세계 유산 이 한 선택했습니다.,사진 촬영을 하기에 좋은 곳
97,2017/06/28,5,"저는 이곳에서 약 1시간 정도 즐길 수 있는 평화로운 산책 wetlands, 진흙에 나가게 하고. 강 보트 크루즈 가 제공했지만 시간이 없어 박물관을 방문하는 이들.",평화로운 장소 를 산책하는
98,2017/04/22,4,"저는 가족들과 함께 하는 두 시간 정도. 만약 걸어 자연이 있는 곳에서 선택할 수 있습니다. 멋진 풍경, 함께 산 이 배경. 사진을 좋아하는 사람, 자신의 기어. 와이드 앵글 렌즈 및 확대 할 필요는 새 야.",11월에 있은 
99,2016/11/27,5,이 습지 이 아름답고 잘 보존. 더 걸어 내려가는 기분도 최고. 흐린 날 그리고 일몰 에 우리가 할 수 없습니다. 제가 하는 것은 멋진 날씨가 좋은 날이 다.,아름다운 자연 Sceneries
100,2017/06/17,4,"1일에 보면 찌부러뜨리다! 거대한 장소입니다. 이용 방법 중 하나는 monorain, 필요 하지 않기를 하고 다시 youdon (이 경우에는 rt). 좀 더 영어 표지판.",거대한 영역
101,2016/07/18,4,"순천 친환경 도시는 장소는 이에 게 설정할 수 있습니다. 특히 봄 가을에 방문하기 좋고, 조금 너무 추운 겨울에는 너무 더운 여름.",산책하기 좋은 곳과 보호에 대한 자세한 정보
102,2016/06/04,4,"에코 공원을 방문하는 기간 내내, 우리는 박물관 및 천문대 에서 보냈습니다. 그렇지 않으면 우리는 걸어서 1 시간이면 갈 수 있는데 한 ca에 전체적으로 습지 공원 볼 수 있습니다.
하지만 실제로 방문할 가치가 있는 박물관도 에서, 우리는 알 수 있는 배우 ""젖은 땅"" 그 사람들이 생태...더 보기",잘 관리된 에코 공원 
103,2016/05/23,4,운을 정말 즐길 수를 평일에 이 곳의 아름다움 이다. 아름다운 리드 필드입니다. 이 길을 걷다 귀엽고 재미있는 사진을 찍기 에는 사진이 있다. 짧은 45분 정도 등산을 해야 할 시간이 있다면 전망대 위에 있는 작은 언덕. 정말 아름다운 풍경이 매우 쉬운 인상. 주말에 갈 준비를 한...더 보기,아름다운
104,2016/01/01,5,"이 곳은 순천에 볼 때. 기대한 않습니다. 한국 처럼 관광 사이트, 중간 규모 이지만 여전히 매력적인 것입니다. 갈 수 있습니다 이른 저녁을 할 수 있는 언덕 위에서 아름다운 석양을 보면 전체적으로 순천만 생태공원 이 있다. 하지만 이 연결아암, 준비를 하고 45분 정도가 적당한 높이 솟은...더 보기",하지만 여전히 매력적인 중간 규모 기업
105,2015/12/07,5,우리는 이 아름다운 쌀쌀한 아침에 와서 볼 수 있는 조류 관찰. 산책길 이 잘 정돈되어 있고 언덕 위에 있는 커넥터의 멋진 전망을 관찰 플랫폼을 하구. 저는 주말에 이른 것을 추천합니다 - 많은 사람들이 아침에 오는 버스가 중간에 무더기의!,한국에 좋은 곳을 산책하고
106,2015/12/07,4,"일요일을 피할 곳, 사람이 붐빕니다. 아주 작은 공원은 3시간 에 방문 수 있습니다. 따라서, 추천하는 숙박을 할 수 있는 순천 시 순천만 아니고 관심도 없다.",일요일에는 혼잡 지원하지만 아주 좋은 베이
107,2015/11/24,4,"어느 정도까지는 걸어서 갈 수 있었고 시간을 통해 현장에 리드. 처음에 계획을 가지고 있는 보트를 타고 있지만 직원들은 점심시간에 가 도착했을 때, 안 할 수 있는 배. 그러나, 보기에 충분한 리즈 에서 보람 있는 산책로. 짧은 방문임에도 불구하고, 라곤 비행 조류를 볼 수 있는 다양한...더 보기",새롭게
108,2015/11/18,5,"하 ㄹ 가치 가 있 는 이 곳 은 순천 에 오. 여기 에 가장 아름답 은 일몰 을 보 ㄹ 수 있 습니다. 하지만 이 멋지 ㄴ 뷰, 준비 를 하 면서 높이 치솟 은 리즈 뷰를 다르 ㄴ 철새, 및 에 있 는...더 보기",가 는 길 에 후회 는 없 기!
109,2015/11/01,5,"아름다움에, 하지만 교육을 받을 동안에. 최소 45분 하이킹을 계획. 아름다운 쉽게 할 수 있는.",아름다운 및 교육
110,2017/06/17,5,"우리는 지난 주말에 보성 순천에 가는 길에 보이는 것일 수도 있는 것이 친환경적인 공원. 우리는 할 수 있는 그 날 푸른 하늘, 푸른 리즈에 대해, 지역이 매우 아름다운. 갈 때는 택시를 타고 15분 / $12 순천중앙 공원. 한 시간 정도 걸리고 주위를 산책하고 다른 시간에 리즈의 산의 멋진 전망을 마시 (올라갈 가치가 있는). 보트를 타고 30분 정도도 있다 (월요일) 를 마시는 데, 티켓을 구매할 수 있지만 빨리 빨리 팔 수 있다. 만약에, 순천만 공원에서 여유로운 오후에 체크.","아름다운 공원, 순천 지역에서 꼭 봐야 할 경우"
111,2015/05/30,3,"저희가 방문한 4 월의 마지막 주말 / 첫 주 수 있습니다. 주말 동안 많은 방문자가 있었다면, 이지만 비가 방문했을 때였어요. 습지는 순천 이었기 때문에 방문해보고 싶은 유명한. 그러나. 그런데 저는 유명한 사이트 라 할 수 있어서 많은 방문자들이 방문할 수 있는데 큰 까마귀가 지 영역 대혼란을 야기할 수 있는 자연 환경. 이 방법으로 해결할 수 있는 능력을 사용할 수 있는 런 - zagging 더 보드워크 토숀바에. 그래서 일단 실내 전시 한 건지, 본질적으로 걸어갈 수 있는 나무 산책로 에 위치한 이 3-4 피트 위에 대한 토숀바에. 수 많은 게 살 수가 있는 장소에서 생선 살고 머드. 모든 것이 정말 좋은 게 있지 않을 수 있지만 토숀바에. 기회를 잡은 게 바로 진흙 에 사용할 수 없습니다. 9살짜리 아들이 실망스러웠는데 제가 결정하는 게 한 이유. 게를 잡는 데에 진흙 을 제거하고 관광객이 직접 단 몇 줍니다.10-15분 정도 후에 따라 보드워크 지역, 비교적 평평하고, 입구에 도착하는 작은 산. 끝에 산에 올라가서, 사진을 찍을 수 있는 vista가 가집니다 습지. 등산을 하는 게 좋다. 힘든 언덕 몇 가집니다 에서부터, 올라가는 경치를 보상 했지만. 제 아내와 저는 9살 된 아이를 하기로 하고 산을 올렸다. 그만한 가치가 있는 좋은 운동 이었다.따라서 이 말은 가치가 있다? 한 번 이 9셀 가능, 하지만 가고 싶지 않다. 변경다른 보다 자연의 영역은 한국 및 왕복 할 수 있는 남해 로 나가 졌고 를 잡는 게, 새우, 낙지, 조개. 이는 조금도 해 주고 소독 가능. 원한다면 그림같은 오후에 산책할 만한, 할 것이다 - 하는 사람들이 있지만 문제는 좋은 날씨 이다.",이곳은 방문 토숀바에
112,2015/05/10,4,"우리가 약 2.5 시간 비가 보슬비 가 모든 time, 리드 필드 아름답지만, 썰물 때는 놀랍고 늪, 베이의 언덕 위에 도착했을 때, 비가 보기에도 좋고, 맑은 날에 방문하는 곳이 다른 관광 단지 다.","좋은 장소, 날씨 운이 나쁘지만"
113,2015/04/30,4,나는 얼마나 좋아 직원들은 정말 좋은 자세히 설명해 주고 있는데 diplays 표시됩니다. 추적에 있어서 전망이 정말 좋았다 고 다리도 재미 있지만 바람이 부는 날이 봄에 좋은 공기 때문에 하지 않은 새 도 보게 해 보지만 다행히도 있고.,흥미로운
114,2015/04/15,5,"우리의 방문에 이른 봄. 경치가 훌륭했습니다. 하지만 사실 이곳은 넓은 공지, 바람이 좀 강한.",멋진 풍경
115,2015/02/17,4,"이 아름다운, 이 있으며, 티켓도 볼 수 있다 의 정원 같은 날. 해질녘 추천해 드리고 싶네요, 요 두 분을 모두 적어도 40 틱 카운티까지 나 네가 되고 싶다면 서두르고 볼 수 있었습니다.",아름다운
116,2014/12/14,5,"반드시 하늘이 맑 을 때 머리 순천만. 약 1-2시간 티켓 카운터 에서 본 일몰 전에, 그는 당신이 뷰를 빠릅니다 잊지 마세요!",멋진
